id,first_name,last_name,email,gender
1,Jehanna,Kubasiewicz,jkubasiewicz0@house.gov,Male
2,Melodie,Forster,mforster1@reverbnation.com,Bigender
3,Xaviera,Forward,xforward2@github.io,Polygender
4,Jodi,Ionnidis,jionnidis3@twitpic.com,Genderfluid
5,Daisie,Larrie,dlarrie4@howstuffworks.com,Non-binary
6,Kirsteni,Grigori,kgrigori5@java.com,Genderqueer
7,Alanah,Gergus,agergus6@pbs.org,Genderqueer
8,Hurley,Sugden,hsugden7@ning.com,Agender
9,Chrissie,Jackalin,cjackalin8@dmoz.org,Genderqueer
10,Joshia,McAirt,jmcairt9@ibm.com,Male
11,Garrett,Schoolfield,gschoolfielda@last.fm,Male
12,Roberta,Cream,rcreamb@google.com.hk,Non-binary
13,Lenore,Bourdon,lbourdonc@reuters.com,Genderqueer
14,Georgia,Kleisel,gkleiseld@go.com,Genderfluid
15,Vasily,Tsar,vtsare@mozilla.com,Genderfluid
16,Ashia,Gaudon,agaudonf@cbsnews.com,Bigender
17,Idette,Buse,ibuseg@alexa.com,Genderqueer
18,Karissa,Bartholin,kbartholinh@nytimes.com,Genderqueer
19,Dal,Brogi,dbrogii@etsy.com,Female
20,Raimund,Reaney,rreaneyj@goo.ne.jp,Polygender
21,Korey,Ayce,kaycek@webeden.co.uk,Male
22,Emlynn,Cottesford,ecottesfordl@furl.net,Female
23,Nikolos,Kullmann,nkullmannm@youku.com,Genderfluid
24,Carly,Nel,cneln@cnbc.com,Female
25,Wallie,Lindenboim,wlindenboimo@google.de,Polygender
26,Shepperd,Creegan,screeganp@reference.com,Male
27,Valencia,Littlefield,vlittlefieldq@independent.co.uk,Agender
28,Aila,Girardengo,agirardengor@bbb.org,Agender
29,Diann,Faill,dfaills@noaa.gov,Genderqueer
30,Esther,Mackie,emackiet@desdev.cn,Non-binary
31,Hildagarde,Grishmanov,hgrishmanovu@disqus.com,Genderqueer
32,Chiarra,Wiggin,cwigginv@csmonitor.com,Polygender
33,Giuseppe,Mordue,gmorduew@google.de,Agender
34,Norman,Placidi,nplacidix@artisteer.com,Male
35,Rafaellle,Charopen,rcharopeny@sciencedirect.com,Bigender
36,Milty,Speenden,mspeendenz@japanpost.jp,Bigender
37,Mia,Mowat,mmowat10@xing.com,Male
38,Ephraim,Hallin,ehallin11@ovh.net,Male
39,Nat,Harnetty,nharnetty12@nps.gov,Bigender
40,Wilek,Boumphrey,wboumphrey13@php.net,Male
41,Gwyn,Stearley,gstearley14@t-online.de,Polygender
42,Pen,Cloake,pcloake15@unc.edu,Genderfluid
43,Gilligan,Dewberry,gdewberry16@addthis.com,Non-binary
44,Vidovik,Zelland,vzelland17@vistaprint.com,Agender
45,Kaitlyn,Oakwell,koakwell18@squarespace.com,Female
46,Devin,Michelle,dmichelle19@360.cn,Bigender
47,Adeline,Sapp,asapp1a@miitbeian.gov.cn,Non-binary
48,Theressa,Osgardby,tosgardby1b@naver.com,Bigender
49,Gabie,Bruck,gbruck1c@jiathis.com,Female
50,Tobe,Golling,tgolling1d@goo.ne.jp,Non-binary
51,Rollie,Garbutt,rgarbutt1e@businessinsider.com,Bigender
52,Davita,Loughnan,dloughnan1f@webeden.co.uk,Agender
53,Kelley,Solon,ksolon1g@wsj.com,Bigender
54,Reginald,Eyre,reyre1h@privacy.gov.au,Male
55,Conney,Bastie,cbastie1i@dion.ne.jp,Male
56,Lammond,Mullender,lmullender1j@infoseek.co.jp,Bigender
57,Aggi,Lafond,alafond1k@wikispaces.com,Non-binary
58,Aksel,Bearward,abearward1l@cdbaby.com,Genderqueer
59,Meredithe,Fowler,mfowler1m@cbsnews.com,Non-binary
60,Johny,Witchell,jwitchell1n@nba.com,Genderfluid
61,Celie,Etherson,cetherson1o@instagram.com,Genderfluid
62,Twyla,Digg,tdigg1p@hhs.gov,Genderqueer
63,Bruis,Mandeville,bmandeville1q@java.com,Agender
64,Lenci,Deerr,ldeerr1r@ed.gov,Genderfluid
65,Phoebe,Zannelli,pzannelli1s@usa.gov,Non-binary
66,Jessika,Persitt,jpersitt1t@yale.edu,Agender
67,Kaitlin,Sircombe,ksircombe1u@tinyurl.com,Genderqueer
68,Edgard,Gayter,egayter1v@ibm.com,Bigender
69,Kellyann,Beetlestone,kbeetlestone1w@vk.com,Agender
70,Trenna,Runnicles,trunnicles1x@goodreads.com,Genderqueer
71,Mercie,Camel,mcamel1y@oakley.com,Genderfluid
72,Berne,Morison,bmorison1z@blog.com,Non-binary
73,Latisha,Schiefersten,lschiefersten20@dedecms.com,Bigender
74,Worden,Dreng,wdreng21@woothemes.com,Polygender
75,Brigham,Doolan,bdoolan22@dell.com,Genderfluid
76,Mireille,Birchenough,mbirchenough23@shareasale.com,Female
77,Keenan,Jouning,kjouning24@newsvine.com,Genderqueer
78,Cordi,Bickford,cbickford25@mit.edu,Genderfluid
79,Willabella,Benn,wbenn26@webs.com,Non-binary
80,Westbrook,Laval,wlaval27@networksolutions.com,Genderqueer
81,Karna,Hinz,khinz28@nature.com,Genderqueer
82,Stephan,Crippes,scrippes29@cpanel.net,Non-binary
83,Jake,Hedlestone,jhedlestone2a@hostgator.com,Male
84,Kaylyn,Bale,kbale2b@cdbaby.com,Female
85,Florence,Kelsall,fkelsall2c@discuz.net,Female
86,Josie,Aysh,jaysh2d@parallels.com,Polygender
87,Valerye,Wewell,vwewell2e@elegantthemes.com,Male
88,Grazia,Woodvine,gwoodvine2f@slideshare.net,Bigender
89,Marsha,Ryrie,mryrie2g@infoseek.co.jp,Polygender
90,Glori,Jozsa,gjozsa2h@sfgate.com,Male
91,Ibby,Lafuente,ilafuente2i@utexas.edu,Non-binary
92,Gaven,O' Clovan,goclovan2j@upenn.edu,Non-binary
93,Angelo,Considine,aconsidine2k@loc.gov,Agender
94,Sibilla,Cahillane,scahillane2l@instagram.com,Polygender
95,Celine,McCue,cmccue2m@howstuffworks.com,Female
96,Michale,Luckcock,mluckcock2n@edublogs.org,Non-binary
97,Elissa,Diperaus,ediperaus2o@blogspot.com,Non-binary
98,Florina,Nottle,fnottle2p@omniture.com,Non-binary
99,Nev,Le Sarr,nlesarr2q@is.gd,Male
100,Elbertine,Sollam,esollam2r@facebook.com,Agender
101,Hillel,Billington,hbillington2s@cargocollective.com,Agender
102,Camile,Scole,cscole2t@patch.com,Polygender
103,Connor,Critoph,ccritoph2u@springer.com,Male
104,Marian,Djurdjevic,mdjurdjevic2v@themeforest.net,Agender
105,Daniella,Cobon,dcobon2w@yellowbook.com,Non-binary
106,Stan,Heighway,sheighway2x@unesco.org,Female
107,Lazarus,Wakelin,lwakelin2y@icq.com,Genderqueer
108,Wandis,McGhie,wmcghie2z@pinterest.com,Female
109,Jakie,Dibbe,jdibbe30@prweb.com,Bigender
110,Porter,Carlesi,pcarlesi31@geocities.com,Genderfluid
111,Nealy,Richarson,nricharson32@technorati.com,Female
112,Mohandas,Freire,mfreire33@amazonaws.com,Bigender
113,Merridie,Pickrill,mpickrill34@nature.com,Genderfluid
114,Brandyn,Winchurch,bwinchurch35@army.mil,Genderqueer
115,Geoffrey,Ferrarello,gferrarello36@posterous.com,Female
116,Modesta,Eberle,meberle37@patch.com,Bigender
117,Ambur,Hammerberger,ahammerberger38@wisc.edu,Bigender
118,Briana,More,bmore39@pcworld.com,Female
119,Barbaraanne,Lynde,blynde3a@illinois.edu,Genderfluid
120,Stewart,Egentan,segentan3b@pcworld.com,Bigender
121,Nathalia,ducarme,nducarme3c@hhs.gov,Polygender
122,Charo,Eccleston,ceccleston3d@theatlantic.com,Genderfluid
123,Demetri,Inglish,dinglish3e@cdbaby.com,Bigender
124,Ramsey,Mucklestone,rmucklestone3f@wisc.edu,Non-binary
125,Lizbeth,Keeble,lkeeble3g@fema.gov,Agender
126,Roxane,Hillborne,rhillborne3h@nbcnews.com,Non-binary
127,Jackquelin,Kender,jkender3i@creativecommons.org,Polygender
128,Alyss,Lorenzini,alorenzini3j@rediff.com,Female
129,Clerc,Priestnall,cpriestnall3k@cyberchimps.com,Non-binary
130,Ofella,Blazejewski,oblazejewski3l@dell.com,Female
131,Frasier,Lewtey,flewtey3m@drupal.org,Agender
132,Shelley,McNiven,smcniven3n@fda.gov,Male
133,Field,McGenis,fmcgenis3o@irs.gov,Genderfluid
134,Mitchel,Blemings,mblemings3p@msn.com,Polygenders