id,first_name,last_name,email,gender
1,Jehanna,Kubasiewicz,jkubasiewicz0@house.gov,Male
2,Melodie,Forster,mforster1@reverbnation.com,Bigender
3,Xaviera,Forward,xforward2@github.io,Polygender
4,Jodi,Ionnidis,jionnidis3@twitpic.com,Genderfluid
5,Daisie,Larrie,dlarrie4@howstuffworks.com,Non-binary
6,Kirsteni,Grigori,kgrigori5@java.com,Genderqueer
7,Alanah,Gergus,agergus6@pbs.org,Genderqueer
8,Hurley,Sugden,hsugden7@ning.com,Agender
9,Chrissie,Jackalin,cjackalin8@dmoz.org,Genderqueer
10,Joshia,McAirt,jmcairt9@ibm.com,Male
11,Garrett,Schoolfield,gschoolfielda@last.fm,Male
12,Roberta,Cream,rcreamb@google.com.hk,Non-binary
13,Lenore,Bourdon,lbourdonc@reuters.com,Genderqueer
14,Georgia,Kleisel,gkleiseld@go.com,Genderfluid
15,Vasily,Tsar,vtsare@mozilla.com,Genderfluid
16,Ashia,Gaudon,agaudonf@cbsnews.com,Bigender
17,Idette,Buse,ibuseg@alexa.com,Genderqueer
18,Karissa,Bartholin,kbartholinh@nytimes.com,Genderqueer
19,Dal,Brogi,dbrogii@etsy.com,Female
20,Raimund,Reaney,rreaneyj@goo.ne.jp,Polygender
21,Korey,Ayce,kaycek@webeden.co.uk,Male
22,Emlynn,Cottesford,ecottesfordl@furl.net,Female
23,Nikolos,Kullmann,nkullmannm@youku.com,Genderfluid
24,Carly,Nel,cneln@cnbc.com,Female
25,Wallie,Lindenboim,wlindenboimo@google.de,Polygender
26,Shepperd,Creegan,screeganp@reference.com,Male
27,Valencia,Littlefield,vlittlefieldq@independent.co.uk,Agender
28,Aila,Girardengo,agirardengor@bbb.org,Agender
29,Diann,Faill,dfaills@noaa.gov,Genderqueer
30,Esther,Mackie,emackiet@desdev.cn,Non-binary
31,Hildagarde,Grishmanov,hgrishmanovu@disqus.com,Genderqueer
32,Chiarra,Wiggin,cwigginv@csmonitor.com,Polygender
33,Giuseppe,Mordue,gmorduew@google.de,Agender
34,Norman,Placidi,nplacidix@artisteer.com,Male
35,Rafaellle,Charopen,rcharopeny@sciencedirect.com,Bigender
36,Milty,Speenden,mspeendenz@japanpost.jp,Bigender
37,Mia,Mowat,mmowat10@xing.com,Male
38,Ephraim,Hallin,ehallin11@ovh.net,Male
39,Nat,Harnetty,nharnetty12@nps.gov,Bigender
40,Wilek,Boumphrey,wboumphrey13@php.net,Male
41,Gwyn,Stearley,gstearley14@t-online.de,Polygender
42,Pen,Cloake,pcloake15@unc.edu,Genderfluid
43,Gilligan,Dewberry,gdewberry16@addthis.com,Non-binary
44,Vidovik,Zelland,vzelland17@vistaprint.com,Agender
45,Kaitlyn,Oakwell,koakwell18@squarespace.com,Female
46,Devin,Michelle,dmichelle19@360.cn,Bigender
47,Adeline,Sapp,asapp1a@miitbeian.gov.cn,Non-binary
48,Theressa,Osgardby,tosgardby1b@naver.com,Bigender
49,Gabie,Bruck,gbruck1c@jiathis.com,Female
50,Tobe,Golling,tgolling1d@goo.ne.jp,Non-binary
51,Rollie,Garbutt,rgarbutt1e@businessinsider.com,Bigender
52,Davita,Loughnan,dloughnan1f@webeden.co.uk,Agender
53,Kelley,Solon,ksolon1g@wsj.com,Bigender
54,Reginald,Eyre,reyre1h@privacy.gov.au,Male
55,Conney,Bastie,cbastie1i@dion.ne.jp,Male
56,Lammond,Mullender,lmullender1j@infoseek.co.jp,Bigender
57,Aggi,Lafond,alafond1k@wikispaces.com,Non-binary
58,Aksel,Bearward,abearward1l@cdbaby.com,Genderqueer
59,Meredithe,Fowler,mfowler1m@cbsnews.com,Non-binary
60,Johny,Witchell,jwitchell1n@nba.com,Genderfluid
61,Celie,Etherson,cetherson1o@instagram.com,Genderfluid
62,Twyla,Digg,tdigg1p@hhs.gov,Genderqueer
63,Bruis,Mandeville,bmandeville1q@java.com,Agender
64,Lenci,Deerr,ldeerr1r@ed.gov,Genderfluid
65,Phoebe,Zannelli,pzannelli1s@usa.gov,Non-binary
66,Jessika,Persitt,jpersitt1t@yale.edu,Agender
67,Kaitlin,Sircombe,ksircombe1u@tinyurl.com,Genderqueer
68,Edgard,Gayter,egayter1v@ibm.com,Bigender
69,Kellyann,Beetlestone,kbeetlestone1w@vk.com,Agender
70,Trenna,Runnicles,trunnicles1x@goodreads.com,Genderqueer
71,Mercie,Camel,mcamel1y@oakley.com,Genderfluid
72,Berne,Morison,bmorison1z@blog.com,Non-binary
73,Latisha,Schiefersten,lschiefersten20@dedecms.com,Bigender
74,Worden,Dreng,wdreng21@woothemes.com,Polygender
75,Brigham,Doolan,bdoolan22@dell.com,Genderfluid
76,Mireille,Birchenough,mbirchenough23@shareasale.com,Female
77,Keenan,Jouning,kjouning24@newsvine.com,Genderqueer
78,Cordi,Bickford,cbickford25@mit.edu,Genderfluid
79,Willabella,Benn,wbenn26@webs.com,Non-binary
80,Westbrook,Laval,wlaval27@networksolutions.com,Genderqueer
81,Karna,Hinz,khinz28@nature.com,Genderqueer
82,Stephan,Crippes,scrippes29@cpanel.net,Non-binary
83,Jake,Hedlestone,jhedlestone2a@hostgator.com,Male
84,Kaylyn,Bale,kbale2b@cdbaby.com,Female
85,Florence,Kelsall,fkelsall2c@discuz.net,Female
86,Josie,Aysh,jaysh2d@parallels.com,Polygender
87,Valerye,Wewell,vwewell2e@elegantthemes.com,Male
88,Grazia,Woodvine,gwoodvine2f@slideshare.net,Bigender
89,Marsha,Ryrie,mryrie2g@infoseek.co.jp,Polygender
90,Glori,Jozsa,gjozsa2h@sfgate.com,Male
91,Ibby,Lafuente,ilafuente2i@utexas.edu,Non-binary
92,Gaven,O' Clovan,goclovan2j@upenn.edu,Non-binary
93,Angelo,Considine,aconsidine2k@loc.gov,Agender
94,Sibilla,Cahillane,scahillane2l@instagram.com,Polygender
95,Celine,McCue,cmccue2m@howstuffworks.com,Female
96,Michale,Luckcock,mluckcock2n@edublogs.org,Non-binary
97,Elissa,Diperaus,ediperaus2o@blogspot.com,Non-binary
98,Florina,Nottle,fnottle2p@omniture.com,Non-binary
99,Nev,Le Sarr,nlesarr2q@is.gd,Male
100,Elbertine,Sollam,esollam2r@facebook.com,Agender
101,Hillel,Billington,hbillington2s@cargocollective.com,Agender
102,Camile,Scole,cscole2t@patch.com,Polygender
103,Connor,Critoph,ccritoph2u@springer.com,Male
104,Marian,Djurdjevic,mdjurdjevic2v@themeforest.net,Agender
105,Daniella,Cobon,dcobon2w@yellowbook.com,Non-binary
106,Stan,Heighway,sheighway2x@unesco.org,Female
107,Lazarus,Wakelin,lwakelin2y@icq.com,Genderqueer
108,Wandis,McGhie,wmcghie2z@pinterest.com,Female
109,Jakie,Dibbe,jdibbe30@prweb.com,Bigender
110,Porter,Carlesi,pcarlesi31@geocities.com,Genderfluid
111,Nealy,Richarson,nricharson32@technorati.com,Female
112,Mohandas,Freire,mfreire33@amazonaws.com,Bigender
113,Merridie,Pickrill,mpickrill34@nature.com,Genderfluid
114,Brandyn,Winchurch,bwinchurch35@army.mil,Genderqueer
115,Geoffrey,Ferrarello,gferrarello36@posterous.com,Female
116,Modesta,Eberle,meberle37@patch.com,Bigender
117,Ambur,Hammerberger,ahammerberger38@wisc.edu,Bigender
118,Briana,More,bmore39@pcworld.com,Female
119,Barbaraanne,Lynde,blynde3a@illinois.edu,Genderfluid
120,Stewart,Egentan,segentan3b@pcworld.com,Bigender
121,Nathalia,ducarme,nducarme3c@hhs.gov,Polygender
122,Charo,Eccleston,ceccleston3d@theatlantic.com,Genderfluid
123,Demetri,Inglish,dinglish3e@cdbaby.com,Bigender
124,Ramsey,Mucklestone,rmucklestone3f@wisc.edu,Non-binary
125,Lizbeth,Keeble,lkeeble3g@fema.gov,Agender
126,Roxane,Hillborne,rhillborne3h@nbcnews.com,Non-binary
127,Jackquelin,Kender,jkender3i@creativecommons.org,Polygender
128,Alyss,Lorenzini,alorenzini3j@rediff.com,Female
129,Clerc,Priestnall,cpriestnall3k@cyberchimps.com,Non-binary
130,Ofella,Blazejewski,oblazejewski3l@dell.com,Female
131,Frasier,Lewtey,flewtey3m@drupal.org,Agender
132,Shelley,McNiven,smcniven3n@fda.gov,Male
133,Field,McGenis,fmcgenis3o@irs.gov,Genderfluid
134,Mitchel,Blemings,mblemings3p@msn.com,Polygender
135,Crin,Vanacci,cvanacci3q@reuters.com,Non-binary
136,Aluin,Lethem,alethem3r@goo.gl,Genderqueer
137,Rebecka,Bartzen,rbartzen3s@oakley.com,Non-binary
138,Rita,Hayward,rhayward3t@nydailynews.com,Genderfluid
139,Mohandas,Gerraty,mgerraty3u@nature.com,Non-binary
140,Devin,Fairholm,dfairholm3v@google.it,Agender
141,Efren,Hannon,ehannon3w@istockphoto.com,Agender
142,Janka,Duxbarry,jduxbarry3x@state.gov,Polygender
143,Lev,Parkhouse,lparkhouse3y@pbs.org,Bigender
144,Jakie,Gunner,jgunner3z@yale.edu,Genderfluid
145,Karlan,De Filippis,kdefilippis40@homestead.com,Non-binary
146,Georg,Spofforth,gspofforth41@ifeng.com,Bigender
147,Albie,MacKibbon,amackibbon42@sourceforge.net,Female
148,Hobart,Ramshaw,hramshaw43@cbsnews.com,Agender
149,Collen,Schuelcke,cschuelcke44@marketwatch.com,Genderfluid
150,Mead,Petrulis,mpetrulis45@google.it,Genderfluid
151,Feodor,Gerrish,fgerrish46@wikimedia.org,Non-binary
152,Sallie,Pollock,spollock47@cornell.edu,Polygender
153,Thorpe,Redier,tredier48@rediff.com,Agender
154,Perla,Mandry,pmandry49@imageshack.us,Genderfluid
155,Yorke,Greim,ygreim4a@google.de,Bigender
156,Ewart,Halle,ehalle4b@apache.org,Genderqueer
157,Shara,Montgomery,smontgomery4c@sphinn.com,Male
158,Neill,M'Quhan,nmquhan4d@gov.uk,Female
159,Lauritz,L'oiseau,lloiseau4e@netvibes.com,Non-binary
160,Morena,Larkin,mlarkin4f@state.gov,Genderqueer
161,Carlin,Poor,cpoor4g@merriam-webster.com,Female
162,Bethany,Breinl,bbreinl4h@miitbeian.gov.cn,Genderfluid
163,Alair,Clemett,aclemett4i@google.com.au,Genderfluid
164,Jillane,Boxill,jboxill4j@mac.com,Female
165,Sasha,Gregoratti,sgregoratti4k@paginegialle.it,Bigender
166,Deena,Burbage,dburbage4l@dedecms.com,Genderqueer
167,Gayelord,Creaser,gcreaser4m@example.com,Female
168,Jessamyn,Whitham,jwhitham4n@usa.gov,Male
169,Radcliffe,Fenich,rfenich4o@ycombinator.com,Genderqueer
170,Abran,Huddles,ahuddles4p@nhs.uk,Agender
171,Berte,Collopy,bcollopy4q@mashable.com,Non-binary
172,Maxine,Hymor,mhymor4r@mashable.com,Bigender
173,Toby,De Blasiis,tdeblasiis4s@gnu.org,Genderqueer
174,Chaddie,Kuschke,ckuschke4t@wikia.com,Female
175,Alexia,Brettelle,abrettelle4u@google.co.jp,Genderqueer
176,Wynne,Antonetti,wantonetti4v@zimbio.com,Agender
177,Amalea,Labrow,alabrow4w@slashdot.org,Non-binary
178,Kayle,Kingswoode,kkingswoode4x@nhs.uk,Polygender
179,Orton,Niccolls,oniccolls4y@qq.com,Agender
180,Quinn,Jacquemet,qjacquemet4z@nba.com,Genderfluid
181,Arch,Lissandrini,alissandrini50@apache.org,Polygender
182,Edik,Reeken,ereeken51@yahoo.co.jp,Polygender
183,Ardenia,Escoffrey,aescoffrey52@census.gov,Genderfluid
184,Delano,Proback,dproback53@miitbeian.gov.cn,Genderfluid
185,Howard,Skaid,hskaid54@icq.com,Female
186,Melita,Dovington,mdovington55@spotify.com,Genderfluid
187,Meade,Teggin,mteggin56@privacy.gov.au,Bigender
188,Kahlil,Monery,kmonery57@infoseek.co.jp,Genderqueer
189,Beatrice,Taphouse,btaphouse58@ucsd.edu,Genderfluid
190,Maggi,Haws,mhaws59@who.int,Polygender
191,Derwin,Howick,dhowick5a@auda.org.au,Polygender
192,Royall,Block,rblock5b@jiathis.com,Bigender
193,Ebeneser,Bourgourd,ebourgourd5c@rambler.ru,Female
194,Lori,Giacometti,lgiacometti5d@ehow.com,Genderqueer
195,Titus,Klemps,tklemps5e@google.es,Female
196,Cate,Marconi,cmarconi5f@google.com,Bigender
197,Sayre,Sausman,ssausman5g@cisco.com,Genderqueer
198,Virgie,Steers,vsteers5h@drupal.org,Agender
199,Sargent,Crewther,screwther5i@discovery.com,Male
200,Randy,Fawlks,rfawlks5j@mail.ru,Genderfluid
201,Aryn,Enrich,aenrich5k@purevolume.com,Polygender
202,Neala,Byres,nbyres5l@apple.com,Agender
203,Bartlet,Cathenod,bcathenod5m@cnn.com,Genderfluid
204,Anselm,Shawl,ashawl5n@reference.com,Genderfluid
205,Glen,Kun,gkun5o@vistaprint.com,Genderfluid
206,Romy,Fellowes,rfellowes5p@netscape.com,Polygender
207,Joelly,Kellogg,jkellogg5q@gnu.org,Non-binary
208,Killy,Gommowe,kgommowe5r@taobao.com,Genderfluid
209,Shena,Christophle,schristophle5s@slate.com,Polygender
210,Chandra,Stollard,cstollard5t@godaddy.com,Male
211,Tandie,Seakings,tseakings5u@symantec.com,Female
212,Cullin,Noddles,cnoddles5v@tamu.edu,Male
213,Colline,Holdey,choldey5w@desdev.cn,Male
214,Karlik,True,ktrue5x@ezinearticles.com,Female
215,Jacklyn,Gasnell,jgasnell5y@hao123.com,Genderqueer
216,Bondy,Emby,bemby5z@ocn.ne.jp,Non-binary
217,Tasha,Benns,tbenns60@comsenz.com,Genderqueer
218,Agretha,Denisyev,adenisyev61@360.cn,Male
219,Henrie,St. Clair,hstclair62@naver.com,Agender
220,Sven,Nesterov,snesterov63@squarespace.com,Polygender
221,Marya,Ruane,mruane64@blogspot.com,Bigender
222,Pieter,Pinckstone,ppinckstone65@weebly.com,Genderqueer
223,Moll,Hartrick,mhartrick66@kickstarter.com,Genderfluid
224,Briny,Lebell,blebell67@google.es,Male
225,Odey,Akram,oakram68@rambler.ru,Male
226,Ned,Lowmass,nlowmass69@jalbum.net,Female
227,Gisela,Abrahamoff,gabrahamoff6a@bbc.co.uk,Female
228,Tully,Wanklyn,twanklyn6b@apache.org,Genderqueer
229,Lesya,Fernandez,lfernandez6c@parallels.com,Agender
230,Florence,Bail,fbail6d@apache.org,Non-binary
231,Filip,Surgood,fsurgood6e@dell.com,Polygender
232,Tito,Hurich,thurich6f@fema.gov,Non-binary
233,Shaylynn,Jensen,sjensen6g@1688.com,Bigender
234,Bettine,Double,bdouble6h@java.com,Female
235,Garth,Turk,gturk6i@themeforest.net,Non-binary
236,Lucine,Perry,lperry6j@ucoz.com,Bigender
237,Leonie,Findon,lfindon6k@hp.com,Female
238,Nero,Broadhead,nbroadhead6l@seesaa.net,Non-binary
239,Heida,Balls,hballs6m@springer.com,Genderqueer
240,Marty,McClymont,mmcclymont6n@vk.com,Genderfluid
241,Reynard,Conws,rconws6o@google.ru,Agender
242,Gertrud,Woodroofe,gwoodroofe6p@prnewswire.com,Non-binary
243,Maurits,Dudek,mdudek6q@ox.ac.uk,Agender
244,Hadria,Gleeson,hgleeson6r@sciencedirect.com,Genderqueer
245,Pierce,Kervin,pkervin6s@weebly.com,Bigender
246,Verine,Stode,vstode6t@goo.gl,Female
247,Tiffanie,McGourty,tmcgourty6u@gravatar.com,Bigender
248,Kameko,Currall,kcurrall6v@admin.ch,Genderfluid
249,Bronny,Smissen,bsmissen6w@mit.edu,Male
250,Sidonnie,Dobney,sdobney6x@deviantart.com,Agender
251,Grethel,Krauss,gkrauss6y@hp.com,Male
252,Ingmar,Stitle,istitle6z@sfgate.com,Non-binary
253,Martie,Keppin,mkeppin70@skyrock.com,Male
254,Carson,Sapir,csapir71@berkeley.edu,Non-binary
255,Molly,Olekhov,molekhov72@tumblr.com,Genderqueer
256,Helaina,Learmount,hlearmount73@feedburner.com,Genderfluid
257,Ezequiel,Seagood,eseagood74@barnesandnoble.com,Genderfluid
258,Tod,Hodgets,thodgets75@pcworld.com,Polygender
259,Leroi,Mettrick,lmettrick76@hexun.com,Male
260,Burke,Louth,blouth77@dyndns.org,Male
261,Chaunce,Arington,carington78@prnewswire.com,Non-binary
262,Mil,Carrington,mcarrington79@sciencedirect.com,Agender
263,Jenni,Bratton,jbratton7a@google.co.jp,Genderqueer
264,Brittani,Flemyng,bflemyng7b@kickstarter.com,Bigender
265,Maye,Kinman,mkinman7c@newyorker.com,Polygender
266,Albina,Held,aheld7d@dailymotion.com,Genderqueer
267,Adrea,Fairney,afairney7e@dagondesign.com,Non-binary
268,Gerianne,Crepin,gcrepin7f@google.com.au,Genderfluid
269,Sarene,Itzhayek,sitzhayek7g@prlog.org,Agender
270,Innis,De Lacey,idelacey7h@buzzfeed.com,Female
271,Fayre,Norwell,fnorwell7i@independent.co.uk,Polygender
272,Gearalt,Storms,gstorms7j@bbc.co.uk,Male
273,Boonie,Congdon,bcongdon7k@drupal.org,Polygender
274,Kimberli,Cassimer,kcassimer7l@toplist.cz,Non-binary
275,Grantley,Greasley,ggreasley7m@boston.com,Female
276,Lukas,Wilcot,lwilcot7n@amazonaws.com,Female
277,Caz,Vasilechko,cvasilechko7o@tamu.edu,Polygender
278,Jana,Varley,jvarley7p@google.pl,Genderfluid
279,Robinetta,Yanne,ryanne7q@aol.com,Bigender
280,Rosaline,Arntzen,rarntzen7r@wordpress.com,Agender
281,Phillie,Goshawke,pgoshawke7s@patch.com,Genderqueer
282,Claudio,de Lloyd,cdelloyd7t@seattletimes.com,Non-binary
283,Waylen,Rilings,wrilings7u@china.com.cn,Female
284,Cherice,Strongman,cstrongman7v@wix.com,Female
285,Luke,Egleton,legleton7w@example.com,Male
286,Cosmo,Truse,ctruse7x@meetup.com,Polygender
287,Whitby,Slyde,wslyde7y@sourceforge.net,Genderfluid
288,Nap,Southby,nsouthby7z@prweb.com,Bigender
289,Delores,Hruska,dhruska80@tripadvisor.com,Genderqueer
290,Thomasina,Gatcliff,tgatcliff81@pagesperso-orange.fr,Genderqueer
291,Serene,Banton,sbanton82@cbc.ca,Female
292,Victoria,Litherland,vlitherland83@sogou.com,Genderqueer
293,Moore,Eltone,meltone84@behance.net,Male
294,Paloma,Cannon,pcannon85@drupal.org,Female
295,Paxton,Tucknutt,ptucknutt86@angelfire.com,Genderqueer
296,Donnell,Colles,dcolles87@blogtalkradio.com,Genderfluid
297,Merrile,Caneo,mcaneo88@simplemachines.org,Non-binary
298,Marji,Sorby,msorby89@usnews.com,Male
299,Noelyn,Tumbridge,ntumbridge8a@t-online.de,Polygender
300,Faber,Troth,ftroth8b@parallels.com,Male
301,Carolyne,Blais,cblais8c@creativecommons.org,Male
302,Arne,Bolton,abolton8d@odnoklassniki.ru,Agender
303,Rogerio,Pitman,rpitman8e@de.vu,Agender
304,Jewell,Torres,jtorres8f@washingtonpost.com,Genderfluid
305,Elliot,Ianizzi,eianizzi8g@ebay.com,Male
306,Adella,Steventon,asteventon8h@imageshack.us,Genderfluid
307,Thadeus,Kohring,tkohring8i@home.pl,Agender
308,Ignazio,Norkutt,inorkutt8j@usa.gov,Non-binary
309,Langsdon,Maggiori,lmaggiori8k@php.net,Agender
310,Gilburt,Piwell,gpiwell8l@wikispaces.com,Male
311,Denny,Evill,devill8m@cisco.com,Non-binary
312,Rawley,Heinsius,rheinsius8n@sogou.com,Female
313,Sarena,Ashleigh,sashleigh8o@freewebs.com,Bigender
314,Ruthe,Putman,rputman8p@usgs.gov,Genderfluid
315,Juli,Pietrzyk,jpietrzyk8q@archive.org,Male
316,Mavis,Costard,mcostard8r@phpbb.com,Male
317,Stepha,Hardwin,shardwin8s@about.com,Polygender
318,Kimble,Eskrick,keskrick8t@google.co.uk,Agender
319,Mattie,Farthin,mfarthin8u@answers.com,Non-binary
320,Valerie,Goodered,vgoodered8v@washington.edu,Polygender
321,Ogdon,Gerleit,ogerleit8w@thetimes.co.uk,Genderfluid
322,Bunny,Proppers,bproppers8x@census.gov,Agender
323,Alphard,Mumm,amumm8y@washington.edu,Non-binary
324,Carlita,Simoncelli,csimoncelli8z@printfriendly.com,Polygender
325,Brice,Duding,bduding90@jalbum.net,Bigender
326,Pepi,Biddlestone,pbiddlestone91@storify.com,Genderqueer
327,Valene,Blaby,vblaby92@symantec.com,Polygender
328,Leontyne,Speechley,lspeechley93@freewebs.com,Genderfluid
329,Brucie,Wagg,bwagg94@who.int,Genderqueer
330,Shay,Bagshaw,sbagshaw95@auda.org.au,Non-binary
331,Kissee,Ivers,kivers96@toplist.cz,Agender
332,Dominick,Ortes,dortes97@example.com,Polygender
333,Rinaldo,Reuven,rreuven98@wunderground.com,Agender
334,Maje,Augustine,maugustine99@lycos.com,Agender
335,Laureen,Dermot,ldermot9a@reuters.com,Female
336,Laurie,Probbing,lprobbing9b@tripadvisor.com,Bigender
337,Gerhardine,Ping,gping9c@discovery.com,Polygender
338,Jasper,Golds,jgolds9d@feedburner.com,Genderfluid
339,Gerty,Inggall,ginggall9e@npr.org,Male
340,Aime,Tomei,atomei9f@rambler.ru,Bigender
341,Iona,Martindale,imartindale9g@sciencedaily.com,Bigender
342,Domenic,Pressman,dpressman9h@utexas.edu,Bigender
343,Loise,Toffolo,ltoffolo9i@washingtonpost.com,Male
344,Lorne,Cock,lcock9j@mozilla.com,Non-binary
345,Billie,Filkin,bfilkin9k@netvibes.com,Agender
346,Gloria,Garoghan,ggaroghan9l@aol.com,Genderqueer
347,Correna,Rowlin,crowlin9m@reference.com,Male
348,Jandy,Hirtzmann,jhirtzmann9n@freewebs.com,Non-binary
349,Andie,MacKill,amackill9o@pinterest.com,Agender
350,Abra,Gable,agable9p@ning.com,Genderqueer
351,Nicky,Thoumasson,nthoumasson9q@symantec.com,Female
352,Joy,Gorsse,jgorsse9r@tripadvisor.com,Bigender
353,Winny,Thomen,wthomen9s@samsung.com,Male
354,Gabrila,Robardey,grobardey9t@e-recht24.de,Genderqueer
355,Rosabel,Delue,rdelue9u@samsung.com,Polygender
356,Kara-lynn,O'Kieran,kokieran9v@uol.com.br,Non-binary
357,Kale,Plesing,kplesing9w@va.gov,Polygender
358,Sheffie,Cabrera,scabrera9x@telegraph.co.uk,Polygender
359,Jane,Digance,jdigance9y@unicef.org,Male
360,Pippo,Banke,pbanke9z@zimbio.com,Genderfluid
361,Sigismundo,Karlsen,skarlsena0@rakuten.co.jp,Polygender
362,Clari,Harbour,charboura1@nature.com,Female
363,Sapphire,Basset,sbasseta2@unblog.fr,Genderfluid
364,Nissie,De Malchar,ndemalchara3@state.gov,Genderfluid
365,Pamella,Cantrell,pcantrella4@nymag.com,Agender
366,Greggory,Enocksson,genockssona5@cdbaby.com,Male
367,Lorenzo,Blackford,lblackforda6@livejournal.com,Non-binary
368,Elton,Braisted,ebraisteda7@woothemes.com,Bigender
369,Grata,Dollin,gdollina8@phpbb.com,Polygender
370,Granville,Traill,gtrailla9@mapy.cz,Genderfluid
371,Brockie,Ervine,bervineaa@squidoo.com,Bigender
372,Wildon,Pasquale,wpasqualeab@reverbnation.com,Agender
373,Bern,Goseling,bgoselingac@comcast.net,Bigender
374,Tonya,Shurmer,tshurmerad@si.edu,Genderfluid
375,Briggs,Torra,btorraae@ifeng.com,Bigender
376,Roselle,Abbot,rabbotaf@oakley.com,Female
377,Budd,Pitblado,bpitbladoag@indiegogo.com,Non-binary
378,Charmaine,Welbeck,cwelbeckah@ezinearticles.com,Female
379,Gussi,Ewens,gewensai@mozilla.com,Agender
380,Elbertine,Rabjohns,erabjohnsaj@uol.com.br,Non-binary
381,Maggee,Verbrugghen,mverbrugghenak@disqus.com,Agender
382,Scottie,De Giovanni,sdegiovannial@ovh.net,Female
383,Kacy,Stephens,kstephensam@posterous.com,Male
384,Barrie,Littrell,blittrellan@nih.gov,Non-binary
385,Lyndsay,Meckiff,lmeckiffao@nsw.gov.au,Genderfluid
386,Bendite,Temperley,btemperleyap@tamu.edu,Bigender
387,Sandye,Maclean,smacleanaq@opera.com,Genderfluid
388,Quent,Shepard,qshepardar@about.com,Genderqueer
389,Reba,Raggett,rraggettas@apache.org,Bigender
390,Anstice,Goburn,agoburnat@livejournal.com,Non-binary
391,Garwin,Genge,ggengeau@people.com.cn,Male
392,Monty,Brotherhood,mbrotherhoodav@csmonitor.com,Male
393,Phaedra,Bimrose,pbimroseaw@msu.edu,Male
394,Karol,Dalgliesh,kdalglieshax@people.com.cn,Genderfluid
395,Edsel,Angerstein,eangersteinay@edublogs.org,Bigender
396,Scott,Potts,spottsaz@163.com,Male
397,Lonnie,Lanigan,llaniganb0@hc360.com,Genderfluid
398,Georgie,Crier,gcrierb1@drupal.org,Female
399,Joyann,Cockrem,jcockremb2@ebay.co.uk,Genderfluid
400,Reginauld,Muriel,rmurielb3@sogou.com,Male
401,Willabella,Courtliff,wcourtliffb4@gmpg.org,Genderqueer
402,Dexter,Oddy,doddyb5@baidu.com,Female
403,Harlen,Feldstein,hfeldsteinb6@cloudflare.com,Genderqueer
404,Rickey,Lardge,rlardgeb7@artisteer.com,Polygender
405,Emmit,Arnholtz,earnholtzb8@apple.com,Agender
406,Benetta,Widdicombe,bwiddicombeb9@google.fr,Genderqueer
407,Izzy,Hosby,ihosbyba@opensource.org,Genderfluid
408,Lombard,Amar,lamarbb@youku.com,Genderqueer
409,Reese,Hannigane,rhanniganebc@amazonaws.com,Polygender
410,Giuseppe,Firebrace,gfirebracebd@ezinearticles.com,Genderfluid
411,Andonis,Muldoon,amuldoonbe@vimeo.com,Genderqueer
412,Rochell,Cromleholme,rcromleholmebf@indiatimes.com,Bigender
413,Roanne,Mutton,rmuttonbg@sogou.com,Polygender
414,Kizzee,Lorriman,klorrimanbh@bloglovin.com,Genderfluid
415,Freddy,Gibbin,fgibbinbi@loc.gov,Bigender
416,Christie,Searchfield,csearchfieldbj@xrea.com,Male
417,Kippy,Lambie,klambiebk@nationalgeographic.com,Polygender
418,Zonda,Giron,zgironbl@hc360.com,Agender
419,Lucien,Poetz,lpoetzbm@wikispaces.com,Polygender
420,Jemie,Ferrer,jferrerbn@cocolog-nifty.com,Non-binary
421,Jecho,Greenough,jgreenoughbo@blinklist.com,Bigender
422,Gaile,Giovani,ggiovanibp@businessweek.com,Female
423,Franni,McMechan,fmcmechanbq@fotki.com,Bigender
424,Ronnie,Sutterfield,rsutterfieldbr@columbia.edu,Agender
425,Lincoln,Regina,lreginabs@qq.com,Genderfluid
426,Mikael,Fathers,mfathersbt@washingtonpost.com,Male
427,Adrianne,Ironside,aironsidebu@chronoengine.com,Agender
428,Lanny,Dreghorn,ldreghornbv@ycombinator.com,Polygender
429,Wesley,Rushmer,wrushmerbw@marriott.com,Agender
430,Symon,Houchen,shouchenbx@techcrunch.com,Genderfluid
431,Nelli,Petkovic,npetkovicby@joomla.org,Agender
432,Daphne,Apted,daptedbz@msn.com,Female
433,Fifine,Folger,ffolgerc0@springer.com,Male
434,Blanca,Izakoff,bizakoffc1@chron.com,Bigender
435,Bessy,Bance,bbancec2@livejournal.com,Bigender
436,Barn,Fillis,bfillisc3@independent.co.uk,Male
437,Bidget,Maffei,bmaffeic4@cocolog-nifty.com,Bigender
438,Donalt,Pagon,dpagonc5@washington.edu,Female
439,Pooh,Nowill,pnowillc6@comcast.net,Genderqueer
440,Devan,Whieldon,dwhieldonc7@fastcompany.com,Genderqueer
441,Ronny,Ort,rortc8@examiner.com,Bigender
442,Sanderson,Warlton,swarltonc9@ibm.com,Female
443,Marthena,O'Leahy,moleahyca@gizmodo.com,Female
444,Bettina,Eburne,beburnecb@elpais.com,Non-binary
445,Vitoria,Weigh,vweighcc@yale.edu,Non-binary
446,Dewie,Alkins,dalkinscd@biglobe.ne.jp,Non-binary
447,Fenelia,Cogman,fcogmance@mysql.com,Female
448,Chris,Tomei,ctomeicf@wired.com,Female
449,Katee,Harroll,kharrollcg@gizmodo.com,Polygender
450,Osbourne,Matyasik,omatyasikch@ucoz.com,Bigender
451,Rania,Raymont,rraymontci@wisc.edu,Genderqueer
452,Ines,Blayney,iblayneycj@google.es,Bigender
453,Tarrah,Stodd,tstoddck@reddit.com,Polygender
454,Lukas,Bonick,lbonickcl@illinois.edu,Genderqueer
455,Dill,Maase,dmaasecm@imgur.com,Male
456,Maura,Knappitt,mknappittcn@kickstarter.com,Male
457,Lilllie,Kamall,lkamallco@miitbeian.gov.cn,Female
458,Brynn,Ginni,bginnicp@reddit.com,Genderfluid
459,Donella,Gother,dgothercq@fc2.com,Polygender
460,Marcellina,Marwick,mmarwickcr@51.la,Genderqueer
461,Corabel,Dunbavin,cdunbavincs@csmonitor.com,Genderfluid
462,Marsiella,Whitham,mwhithamct@ifeng.com,Genderfluid
463,Kaila,Kment,kkmentcu@xrea.com,Male
464,Patti,Ekkel,pekkelcv@prweb.com,Agender
465,Marni,Hakey,mhakeycw@1688.com,Polygender
466,Cathrin,Wyeld,cwyeldcx@japanpost.jp,Male
467,Lyndel,Menendes,lmenendescy@so-net.ne.jp,Bigender
468,Shellysheldon,Klishin,sklishincz@chronoengine.com,Male
469,Hewitt,Tansley,htansleyd0@addtoany.com,Agender
470,Lorene,Aubery,lauberyd1@pinterest.com,Genderqueer
471,Brear,Bette,bbetted2@mit.edu,Genderfluid
472,Sile,Seeds,sseedsd3@icq.com,Male
473,Miriam,Scambler,mscamblerd4@sakura.ne.jp,Agender
474,Sue,Ferris,sferrisd5@istockphoto.com,Female
475,Frazier,Grinaugh,fgrinaughd6@sbwire.com,Bigender
476,Eleen,Embra,eembrad7@paginegialle.it,Female
477,Stormy,Goldby,sgoldbyd8@google.com.au,Genderfluid
478,Ulberto,Gilders,ugildersd9@economist.com,Polygender
479,Kellie,Skeffington,kskeffingtonda@samsung.com,Genderqueer
480,Gae,McKerlie,gmckerliedb@salon.com,Non-binary
481,Roselin,Minchindon,rminchindondc@msn.com,Non-binary
482,Hildegaard,Kubica,hkubicadd@nydailynews.com,Bigender
483,Sigismond,Chillingworth,schillingworthde@ustream.tv,Non-binary
484,Yelena,Louca,yloucadf@army.mil,Bigender
485,Mary,Bruckenthal,mbruckenthaldg@slashdot.org,Agender
486,Viola,Woolen,vwoolendh@dyndns.org,Genderfluid
487,Hilary,Branca,hbrancadi@usda.gov,Genderfluid
488,Melony,Grassot,mgrassotdj@ow.ly,Male
489,Remy,Filyakov,rfilyakovdk@redcross.org,Male
490,Catlaina,Spilsbury,cspilsburydl@trellian.com,Non-binary
491,Claudia,Haxell,chaxelldm@usda.gov,Genderqueer
492,Liane,Shipcott,lshipcottdn@skyrock.com,Female
493,Abagail,Custance,acustancedo@123-reg.co.uk,Female
494,Isidore,Full,ifulldp@uiuc.edu,Male
495,Lacie,Christensen,lchristensendq@geocities.com,Male
496,Art,Petrowsky,apetrowskydr@homestead.com,Genderqueer
497,Tersina,Drinkwater,tdrinkwaterds@reverbnation.com,Non-binary
498,Roger,Jean,rjeandt@sogou.com,Female
499,Kara-lynn,Briddock,kbriddockdu@paginegialle.it,Male
500,Riannon,Haylock,rhaylockdv@accuweather.com,Genderfluid
501,Quentin,Capstaff,qcapstaffdw@plala.or.jp,Genderqueer
502,Shanan,L' Anglois,slangloisdx@github.com,Bigender
503,Gail,Blackborow,gblackborowdy@accuweather.com,Genderqueer
504,Brendon,Thomasset,bthomassetdz@businessinsider.com,Male
505,Joshua,Dahlen,jdahlene0@webeden.co.uk,Polygender
506,Guss,Jenson,gjensone1@nyu.edu,Non-binary
507,Coretta,Thornton,cthorntone2@163.com,Agender
508,Vale,Dolohunty,vdolohuntye3@gmpg.org,Bigender
509,Astrid,Wilding,awildinge4@apache.org,Bigender
510,Maire,Dearnly,mdearnlye5@sbwire.com,Polygender
511,Linnet,Stanbury,lstanburye6@twitter.com,Bigender
512,Zacherie,Scothorne,zscothornee7@cloudflare.com,Male
513,Fara,Lingwood,flingwoode8@com.com,Polygender
514,Seamus,Bestiman,sbestimane9@goodreads.com,Agender
515,Odette,Cooper,ocooperea@yelp.com,Polygender
516,Kathryne,Tanfield,ktanfieldeb@cornell.edu,Male
517,Nikita,Heninghem,nheninghemec@livejournal.com,Polygender
518,Dasie,Bourdel,dbourdeled@rambler.ru,Genderfluid
519,Ninetta,Gaskin,ngaskinee@china.com.cn,Bigender
520,Alanson,Sucre,asucreef@edublogs.org,Genderqueer
521,Andonis,Westman,awestmaneg@sourceforge.net,Male
522,Darill,Jeffreys,djeffreyseh@dion.ne.jp,Genderqueer
523,Benny,Mablestone,bmablestoneei@prlog.org,Female
524,Rowen,Gairdner,rgairdnerej@vk.com,Non-binary
525,Aleta,Gregoraci,agregoraciek@hostgator.com,Genderfluid
526,Bonnee,Neat,bneatel@yandex.ru,Non-binary
527,Leese,Hover,lhoverem@sbwire.com,Bigender
528,Chet,Saintpierre,csaintpierreen@ning.com,Male
529,Vivyanne,Tinklin,vtinklineo@eventbrite.com,Genderqueer
530,Osbourn,Tuerena,otuerenaep@globo.com,Female
531,Aeriell,Dawidowicz,adawidowiczeq@answers.com,Genderqueer
532,Goldy,Wey,gweyer@exblog.jp,Agender
533,Codee,Potapczuk,cpotapczukes@opera.com,Agender
534,Irvine,Rolse,irolseet@booking.com,Agender
535,Nickola,Bunyard,nbunyardeu@vistaprint.com,Polygender
536,Arther,Gaisford,agaisfordev@yahoo.co.jp,Bigender
537,Cobb,Allridge,callridgeew@loc.gov,Bigender
538,Teresita,Poynor,tpoynorex@spotify.com,Male
539,Domingo,Van den Hof,dvandenhofey@imageshack.us,Female
540,Jaquelyn,De la Yglesias,jdelayglesiasez@irs.gov,Genderfluid
541,Artus,Fitchen,afitchenf0@nytimes.com,Non-binary
542,Geoffrey,Burrows,gburrowsf1@nature.com,Polygender
543,Albertine,Ebsworth,aebsworthf2@live.com,Genderqueer
544,Carol,Collis,ccollisf3@newsvine.com,Female
545,Merle,Arnet,marnetf4@examiner.com,Genderqueer
546,Germain,Evitts,gevittsf5@infoseek.co.jp,Female
547,Tallou,Abbate,tabbatef6@geocities.jp,Non-binary
548,Maryjane,Westrope,mwestropef7@about.com,Non-binary
549,Libbi,Mapes,lmapesf8@webeden.co.uk,Bigender
550,Vinnie,Husselbee,vhusselbeef9@spiegel.de,Genderqueer
551,Roby,Bonham,rbonhamfa@nba.com,Genderqueer
552,Erin,Gilfoy,egilfoyfb@1und1.de,Polygender
553,Tatiana,Silverwood,tsilverwoodfc@whitehouse.gov,Genderfluid
554,Kathrine,St Quenin,kstqueninfd@amazon.co.jp,Non-binary
555,Patsy,Spennock,pspennockfe@xing.com,Polygender
556,Eva,Ritzman,eritzmanff@state.tx.us,Polygender
557,Olympia,Colebourn,ocolebournfg@nhs.uk,Genderqueer
558,Brenna,Darthe,bdarthefh@bravesites.com,Bigender
559,Issie,Litherborough,ilitherboroughfi@aboutads.info,Female
560,Penny,Veryard,pveryardfj@ox.ac.uk,Genderqueer
561,Natalee,Hoggan,nhogganfk@merriam-webster.com,Bigender
562,Jobye,Glasscoo,jglasscoofl@weather.com,Genderfluid
563,Benji,Bichard,bbichardfm@phpbb.com,Genderfluid
564,Agnella,Saunders,asaundersfn@mtv.com,Genderqueer
565,Blair,Butterick,bbutterickfo@amazon.com,Non-binary
566,Brunhilda,Pamment,bpammentfp@umn.edu,Female
567,Fulvia,Patriskson,fpatrisksonfq@feedburner.com,Genderqueer
568,Tull,Martinek,tmartinekfr@a8.net,Female
569,Donni,Balchin,dbalchinfs@smh.com.au,Male
570,Robinetta,Grzegorzewski,rgrzegorzewskift@zimbio.com,Polygender
571,Maryjo,Dowty,mdowtyfu@paginegialle.it,Female
572,Terri,Pashley,tpashleyfv@360.cn,Non-binary
573,Conroy,Maidstone,cmaidstonefw@tuttocitta.it,Genderqueer
574,Dame,Ingyon,dingyonfx@shareasale.com,Genderqueer
575,Rubi,Bisacre,rbisacrefy@economist.com,Non-binary
576,Sallyanne,Ashling,sashlingfz@php.net,Non-binary
577,Aridatha,Nuttall,anuttallg0@nasa.gov,Female
578,Sibylle,Penman,spenmang1@shop-pro.jp,Genderfluid
579,Mason,Hamilton,mhamiltong2@rakuten.co.jp,Polygender
580,Ase,Demko,ademkog3@weebly.com,Non-binary
581,Harwilll,Burfitt,hburfittg4@xinhuanet.com,Genderqueer
582,Timmy,Skupinski,tskupinskig5@theguardian.com,Female
583,Ettore,Guyers,eguyersg6@360.cn,Non-binary
584,Jenni,Colgrave,jcolgraveg7@bandcamp.com,Polygender
585,Jacquelin,Boog,jboogg8@cnbc.com,Male
586,Monty,Haucke,mhauckeg9@ca.gov,Male
587,Paule,O'Dee,podeega@imageshack.us,Agender
588,Bea,Jimmes,bjimmesgb@mit.edu,Female
589,Symon,Bowstead,sbowsteadgc@netvibes.com,Male
590,Francesco,Du Pre,fdupregd@craigslist.org,Polygender
591,Dalila,Stovin,dstovinge@typepad.com,Genderfluid
592,Irwinn,Faircloth,ifairclothgf@craigslist.org,Agender
593,Aurora,Kittiman,akittimangg@cnn.com,Bigender
594,Birdie,Martelet,bmarteletgh@pen.io,Bigender
595,Joelie,McAne,jmcanegi@mtv.com,Bigender
596,Dionis,Annatt,dannattgj@unesco.org,Male
597,Remy,Jepensen,rjepensengk@reddit.com,Male
598,Winfred,Flury,wflurygl@ted.com,Female
599,Jemimah,Myott,jmyottgm@boston.com,Agender
600,Tessy,Batterton,tbattertongn@google.de,Polygender
601,Lorrin,McGrane,lmcgranego@google.com.hk,Polygender
602,Shermie,Merrall,smerrallgp@constantcontact.com,Female
603,Kris,Arbuckle,karbucklegq@army.mil,Non-binary
604,Baxy,Guisot,bguisotgr@jiathis.com,Agender
605,Roxy,Stonebridge,rstonebridgegs@list-manage.com,Female
606,Gregoire,Lasslett,glasslettgt@va.gov,Genderfluid
607,Daniela,Gaunter,dgauntergu@blogtalkradio.com,Female
608,Roma,Mersey,rmerseygv@guardian.co.uk,Non-binary
609,Jenny,Sahnow,jsahnowgw@google.com,Genderqueer
610,Cinda,Murcutt,cmurcuttgx@biglobe.ne.jp,Female
611,Obadias,Quartley,oquartleygy@smh.com.au,Female
612,Darline,Alford,dalfordgz@chron.com,Female
613,Cecil,Shorter,cshorterh0@liveinternet.ru,Bigender
614,Carlynne,Graith,cgraithh1@amazon.com,Genderfluid
615,Correy,Philippou,cphilippouh2@pagesperso-orange.fr,Genderfluid
616,Xylina,Mundwell,xmundwellh3@va.gov,Agender
617,Sebastiano,Turnell,sturnellh4@salon.com,Male
618,Davon,Maciocia,dmaciociah5@mashable.com,Polygender
619,Marcelo,Povah,mpovahh6@washington.edu,Non-binary
620,Dennet,Brunker,dbrunkerh7@unc.edu,Male
621,Cob,Ganter,cganterh8@patch.com,Non-binary
622,Nat,Winkle,nwinkleh9@umich.edu,Polygender
623,Fay,Sutherington,fsutheringtonha@engadget.com,Genderfluid
624,Chevy,Iacomini,ciacominihb@skype.com,Polygender
625,Catina,Serrurier,cserrurierhc@arizona.edu,Agender
626,Janice,Elsay,jelsayhd@angelfire.com,Bigender
627,Seward,Vandrill,svandrillhe@nhs.uk,Genderqueer
628,Brinn,Duthie,bduthiehf@mediafire.com,Non-binary
629,Dorothee,Jeff,djeffhg@issuu.com,Polygender
630,Aloysia,Humfrey,ahumfreyhh@opera.com,Agender
631,Maurice,Rylands,mrylandshi@mayoclinic.com,Male
632,Bernete,Ziems,bziemshj@ox.ac.uk,Male
633,Ted,Temple,ttemplehk@lulu.com,Bigender
634,Thekla,Augustin,taugustinhl@loc.gov,Polygender
635,Georgena,Munkton,gmunktonhm@hubpages.com,Bigender
636,Shaine,Munkley,smunkleyhn@java.com,Agender
637,Sorcha,Goldstone,sgoldstoneho@chron.com,Agender
638,Cindra,Milesap,cmilesaphp@sun.com,Genderfluid
639,Velvet,Dabernott,vdabernotthq@webnode.com,Male
640,Gorden,Gamlen,ggamlenhr@360.cn,Genderqueer
641,Catherin,Sweetnam,csweetnamhs@paypal.com,Non-binary
642,Delila,Necrews,dnecrewsht@wikimedia.org,Bigender
643,Ardeen,Larrie,alarriehu@rediff.com,Genderqueer
644,Hughie,Simmen,hsimmenhv@timesonline.co.uk,Polygender
645,Thorvald,Coyett,tcoyetthw@github.com,Male
646,Tremaine,Whyte,twhytehx@pagesperso-orange.fr,Non-binary
647,Vonni,Harrold,vharroldhy@infoseek.co.jp,Genderfluid
648,Gabriel,Britney,gbritneyhz@msn.com,Bigender
649,Jane,Heys,jheysi0@hibu.com,Female
650,Derwin,Hendricks,dhendricksi1@statcounter.com,Agender
651,Arlen,Walcar,awalcari2@archive.org,Bigender
652,Tomkin,Wartonby,twartonbyi3@mashable.com,Bigender
653,Lela,Shorrock,lshorrocki4@marketwatch.com,Female
654,Tabbatha,Darter,tdarteri5@google.com.au,Polygender
655,Betsy,Burke,bburkei6@cnn.com,Male
656,Carly,Crutch,ccrutchi7@webnode.com,Polygender
657,Eduard,Rodwell,erodwelli8@ted.com,Polygender
658,Alexia,Gillooly,agilloolyi9@nydailynews.com,Female
659,Hinda,Kolak,hkolakia@shutterfly.com,Non-binary
660,Deana,Bottom,dbottomib@skyrock.com,Genderfluid
661,Berna,Stute,bstuteic@illinois.edu,Genderfluid
662,Fidole,Buxcey,fbuxceyid@buzzfeed.com,Agender
663,Charis,Thiese,cthieseie@businessinsider.com,Agender
664,Madelle,Naptin,mnaptinif@amazon.de,Polygender
665,Sonnie,Ormonde,sormondeig@paypal.com,Polygender
666,Westbrook,Kolakovic,wkolakovicih@dion.ne.jp,Genderqueer
667,Alameda,Mussolini,amussoliniii@marriott.com,Bigender
668,Petr,Lynes,plynesij@msu.edu,Agender
669,Augie,Chittock,achittockik@wix.com,Female
670,Deane,Tofful,dtoffulil@facebook.com,Male
671,Malvina,Jervoise,mjervoiseim@amazon.de,Female
672,Joanie,Messier,jmessierin@wiley.com,Genderfluid
673,Gayelord,Esplin,gesplinio@imgur.com,Male
674,Anastasia,Sellman,asellmanip@4shared.com,Non-binary
675,Alexia,Sperski,asperskiiq@chron.com,Agender
676,Hoebart,Cosley,hcosleyir@desdev.cn,Agender
677,Ernesta,Piel,epielis@moonfruit.com,Genderfluid
678,Franky,Cafferty,fcaffertyit@domainmarket.com,Genderfluid
679,Ashlie,Zoppo,azoppoiu@skype.com,Male
680,Zitella,Galliver,zgalliveriv@pagesperso-orange.fr,Genderqueer
681,Rosmunda,Rookwell,rrookwelliw@yellowpages.com,Non-binary
682,Nealson,Linscott,nlinscottix@amazon.de,Agender
683,Gwyneth,Steljes,gsteljesiy@mlb.com,Male
684,Pieter,Migheli,pmigheliiz@liveinternet.ru,Non-binary
685,Ruthi,Boomes,rboomesj0@yellowpages.com,Non-binary
686,Flinn,Levinge,flevingej1@reddit.com,Genderfluid
687,Margarita,Lucken,mluckenj2@sitemeter.com,Genderfluid
688,Amby,Chettoe,achettoej3@nps.gov,Genderfluid
689,Sarette,Blight,sblightj4@elegantthemes.com,Non-binary
690,Donalt,Kerfut,dkerfutj5@chicagotribune.com,Agender
691,Farlay,Shivlin,fshivlinj6@prnewswire.com,Genderqueer
692,Luella,Luisetti,lluisettij7@prnewswire.com,Bigender
693,Emeline,Paaso,epaasoj8@canalblog.com,Genderqueer
694,Syd,Danielli,sdaniellij9@google.com.br,Male
695,Costanza,Schreurs,cschreursja@github.io,Genderqueer
696,Quintina,Risebarer,qrisebarerjb@businesswire.com,Genderfluid
697,Lavinia,Kingswold,lkingswoldjc@live.com,Polygender
698,Betti,McMaster,bmcmasterjd@squarespace.com,Genderfluid
699,Sibel,Lang,slangje@dell.com,Agender
700,Kirby,London,klondonjf@geocities.jp,Genderfluid
701,Ninnetta,Reeson,nreesonjg@ft.com,Agender
702,Sukey,McCrackan,smccrackanjh@wufoo.com,Female
703,Alli,Iacovaccio,aiacovaccioji@cdc.gov,Genderqueer
704,Lory,Ord,lordjj@mit.edu,Bigender
705,Carlina,Innott,cinnottjk@linkedin.com,Male
706,Ranique,Lochrie,rlochriejl@ted.com,Genderqueer
707,Falkner,Mordon,fmordonjm@mozilla.org,Male
708,Rolfe,Spurway,rspurwayjn@ycombinator.com,Genderqueer
709,Chrystel,Graine,cgrainejo@simplemachines.org,Bigender
710,Micheil,Mc Caughen,mmccaughenjp@pagesperso-orange.fr,Agender
711,Roman,Tadman,rtadmanjq@bizjournals.com,Non-binary
712,Carlen,Staresmeare,cstaresmearejr@so-net.ne.jp,Female
713,Vicki,Bentham,vbenthamjs@huffingtonpost.com,Non-binary
714,Zena,McCullagh,zmccullaghjt@facebook.com,Bigender
715,Joe,Golborn,jgolbornju@over-blog.com,Non-binary
716,Marcellina,Mitroshinov,mmitroshinovjv@amazon.com,Genderfluid
717,Biddie,Tayloe,btayloejw@seattletimes.com,Agender
718,Tressa,O' Faherty,tofahertyjx@sogou.com,Male
719,Harold,Jaycox,hjaycoxjy@apple.com,Agender
720,Adara,Calbrathe,acalbrathejz@alexa.com,Non-binary
721,Towney,Ellgood,tellgoodk0@github.io,Agender
722,Ursala,Cowden,ucowdenk1@i2i.jp,Male
723,Annamarie,Johanssen,ajohanssenk2@shinystat.com,Female
724,Dela,Obington,dobingtonk3@wunderground.com,Genderqueer
725,Desmond,Kenna,dkennak4@uiuc.edu,Polygender
726,Cesaro,Morais,cmoraisk5@about.me,Genderfluid
727,Pace,Oliver,poliverk6@toplist.cz,Agender
728,Goddart,Playle,gplaylek7@drupal.org,Agender
729,Toddy,Sallings,tsallingsk8@hatena.ne.jp,Polygender
730,Holmes,Slater,hslaterk9@prnewswire.com,Agender
731,Ruddie,Illingworth,rillingworthka@opensource.org,Agender
732,Frannie,Cartmell,fcartmellkb@wired.com,Bigender
733,Wilbur,Wenderoth,wwenderothkc@instagram.com,Male
734,Balduin,Abreheart,babreheartkd@aboutads.info,Agender
735,Iolande,Konzel,ikonzelke@etsy.com,Genderfluid
736,Jordanna,Llopis,jllopiskf@accuweather.com,Polygender
737,Lonni,Sacaze,lsacazekg@gravatar.com,Genderfluid
738,Julita,Drewitt,jdrewittkh@cloudflare.com,Polygender
739,Tricia,Verrall,tverrallki@over-blog.com,Genderqueer
740,Katine,Yerill,kyerillkj@paginegialle.it,Agender
741,Morganica,Kochel,mkochelkk@nydailynews.com,Male
742,Brandice,Lofthouse,blofthousekl@nhs.uk,Female
743,Zandra,Fayerman,zfayermankm@google.es,Genderqueer
744,Danella,Trainer,dtrainerkn@digg.com,Female
745,Roxi,Arkil,rarkilko@stumbleupon.com,Male
746,Isidoro,Machans,imachanskp@mapquest.com,Bigender
747,Darrelle,Purcer,dpurcerkq@sphinn.com,Male
748,Roscoe,Caudell,rcaudellkr@sun.com,Male
749,Neill,Vineall,nvineallks@census.gov,Polygender
750,Rita,Summerlee,rsummerleekt@cafepress.com,Non-binary
751,Spence,Gorgler,sgorglerku@pinterest.com,Polygender
752,Peder,Castellino,pcastellinokv@theatlantic.com,Male
753,Salvador,Scolli,sscollikw@vk.com,Male
754,Lind,Androlli,landrollikx@ask.com,Female
755,Darin,Linnock,dlinnockky@bizjournals.com,Bigender
756,Angele,Sawforde,asawfordekz@gravatar.com,Agender
757,Mame,Napper,mnapperl0@patch.com,Bigender
758,Ketti,Hritzko,khritzkol1@omniture.com,Polygender
759,Giustina,Omand,gomandl2@census.gov,Genderfluid
760,Suzette,Whight,swhightl3@house.gov,Male
761,Jeremias,Sprakes,jsprakesl4@mozilla.com,Polygender
762,Callean,Borsnall,cborsnalll5@google.co.uk,Non-binary
763,Michaeline,Hundal,mhundall6@blog.com,Genderfluid
764,Barret,McGuiney,bmcguineyl7@tinypic.com,Agender
765,Rowen,Thacker,rthackerl8@theatlantic.com,Genderfluid
766,Ellissa,Heathorn,eheathornl9@linkedin.com,Polygender
767,Faulkner,Drynan,fdrynanla@purevolume.com,Genderfluid
768,Milicent,Zahor,mzahorlb@drupal.org,Non-binary
769,Allys,Instrell,ainstrelllc@engadget.com,Genderqueer
770,Marcia,Grealy,mgrealyld@odnoklassniki.ru,Agender
771,Lira,Temple,ltemplele@digg.com,Genderfluid
772,Kristos,Pound,kpoundlf@nbcnews.com,Non-binary
773,John,Lumox,jlumoxlg@nydailynews.com,Genderfluid
774,Ileana,Miners,iminerslh@adobe.com,Bigender
775,Emili,Hallagan,ehallaganli@whitehouse.gov,Polygender
776,My,Doodson,mdoodsonlj@bbb.org,Non-binary
777,Bryce,Copeman,bcopemanlk@google.pl,Non-binary
778,Casi,Evill,cevillll@tinypic.com,Male
779,Gertrud,St Ange,gstangelm@51.la,Non-binary
780,Camel,Dingate,cdingateln@businessweek.com,Non-binary
781,Dorothee,Pinn,dpinnlo@feedburner.com,Non-binary
782,Domeniga,Ybarra,dybarralp@un.org,Bigender
783,Sanders,Vogelein,svogeleinlq@sourceforge.net,Non-binary
784,Sandy,Jostan,sjostanlr@microsoft.com,Female
785,Yvette,Fellis,yfellisls@oracle.com,Male
786,Aubrette,Flather,aflatherlt@uiuc.edu,Genderqueer
787,Stefan,Maxweell,smaxweelllu@ezinearticles.com,Bigender
788,Debbi,Backes,dbackeslv@altervista.org,Agender
789,Annaliese,Rudderham,arudderhamlw@cam.ac.uk,Female
790,Bibbie,Allcorn,ballcornlx@mozilla.com,Non-binary
791,Jenelle,Harvison,jharvisonly@guardian.co.uk,Male
792,Rhetta,Dudeney,rdudeneylz@blogger.com,Male
793,Hunter,Smitherham,hsmitherhamm0@delicious.com,Non-binary
794,Wrennie,Dunridge,wdunridgem1@163.com,Bigender
795,Phillie,Dulany,pdulanym2@wiley.com,Agender
796,Adriana,Scotchmoor,ascotchmoorm3@w3.org,Female
797,Griswold,Fitzhenry,gfitzhenrym4@constantcontact.com,Bigender
798,Jeni,Tweed,jtweedm5@java.com,Bigender
799,Tod,Pamplin,tpamplinm6@joomla.org,Genderqueer
800,Harri,Cassedy,hcassedym7@1688.com,Genderqueer
801,Jilleen,Stair,jstairm8@pagesperso-orange.fr,Non-binary
802,Tallie,McGeachie,tmcgeachiem9@myspace.com,Non-binary
803,Elita,Holborn,eholbornma@gov.uk,Male
804,Frannie,Flucks,fflucksmb@mayoclinic.com,Genderqueer
805,Ettie,Thredder,ethreddermc@imgur.com,Genderqueer
806,Latashia,Whitlock,lwhitlockmd@state.tx.us,Non-binary
807,Jaynell,Shirer,jshirerme@multiply.com,Genderfluid
808,Tomlin,Otton,tottonmf@infoseek.co.jp,Female
809,Wally,Endrizzi,wendrizzimg@columbia.edu,Polygender
810,Sherie,Jowle,sjowlemh@dmoz.org,Agender
811,Devon,Summerside,dsummersidemi@angelfire.com,Non-binary
812,Federico,Bollen,fbollenmj@linkedin.com,Polygender
813,Kingsley,Gumn,kgumnmk@foxnews.com,Male
814,Rooney,Myton,rmytonml@indiatimes.com,Genderqueer
815,Nathanael,Guerrier,nguerriermm@cmu.edu,Genderfluid
816,Tyrus,Watkins,twatkinsmn@ted.com,Male
817,Nil,Pankethman,npankethmanmo@umn.edu,Agender
818,Eadith,Coldbathe,ecoldbathemp@cdc.gov,Bigender
819,Yorgos,Tersay,ytersaymq@infoseek.co.jp,Agender
820,Ailey,Maffi,amaffimr@google.it,Genderfluid
821,Judon,Folan,jfolanms@bluehost.com,Genderqueer
822,Les,France,lfrancemt@cpanel.net,Genderfluid
823,Tabbie,Helstrip,thelstripmu@hexun.com,Bigender
824,Zeb,Lynam,zlynammv@yellowbook.com,Agender
825,Corrianne,Baroch,cbarochmw@jigsy.com,Genderqueer
826,Isidora,Govinlock,igovinlockmx@xrea.com,Genderqueer
827,Barrett,Dawes,bdawesmy@vkontakte.ru,Male
828,Rochette,Greasty,rgreastymz@bloglovin.com,Genderfluid
829,Reg,Muggeridge,rmuggeridgen0@usgs.gov,Bigender
830,Liva,Danbi,ldanbin1@squidoo.com,Bigender
831,Wake,Maulin,wmaulinn2@berkeley.edu,Genderqueer
832,Smith,Chopy,schopyn3@homestead.com,Non-binary
833,Munroe,Angeau,mangeaun4@yandex.ru,Female
834,Emmalyn,Durkin,edurkinn5@wordpress.org,Polygender
835,Allistir,Heyns,aheynsn6@edublogs.org,Genderfluid
836,Carl,Salatino,csalatinon7@bbc.co.uk,Agender
837,Aloysius,Sheepy,asheepyn8@yelp.com,Male
838,Colet,Footitt,cfootittn9@prnewswire.com,Genderqueer
839,Brigham,Rainford,brainfordna@hc360.com,Non-binary
840,Anstice,Kornes,akornesnb@domainmarket.com,Female
841,Dolf,Lauridsen,dlauridsennc@networksolutions.com,Genderqueer
842,Dreddy,Ridd,driddnd@blogspot.com,Genderqueer
843,Benedicto,Geach,bgeachne@jigsy.com,Genderqueer
844,Winna,Bartlet,wbartletnf@jalbum.net,Genderqueer
845,Chico,Hacking,chackingng@yellowbook.com,Non-binary
846,Oswald,Keedy,okeedynh@dedecms.com,Agender
847,Edythe,Chubb,echubbni@oaic.gov.au,Agender
848,Jyoti,Courtman,jcourtmannj@shareasale.com,Genderfluid
849,Doralynn,Konneke,dkonnekenk@miitbeian.gov.cn,Agender
850,Berton,Kellard,bkellardnl@dailymail.co.uk,Agender
851,Werner,Farry,wfarrynm@godaddy.com,Polygender
852,Marcelia,Butterwick,mbutterwicknn@networkadvertising.org,Polygender
853,Wiley,Tukely,wtukelyno@japanpost.jp,Polygender
854,Tynan,Bogies,tbogiesnp@sogou.com,Genderfluid
855,Julianne,Ricioppo,jriciopponq@hibu.com,Female
856,Melitta,Firpi,mfirpinr@buzzfeed.com,Genderfluid
857,Lincoln,Geggie,lgeggiens@studiopress.com,Male
858,Sarge,Curthoys,scurthoysnt@patch.com,Bigender
859,Krystalle,Eades,keadesnu@mapquest.com,Polygender
860,Hymie,Dripps,hdrippsnv@tinyurl.com,Genderfluid
861,Gherardo,Dowderswell,gdowderswellnw@google.cn,Polygender
862,Tiphanie,Lunt,tluntnx@discuz.net,Female
863,Jimmy,Yeskov,jyeskovny@ebay.co.uk,Genderqueer
864,Joannes,Kensley,jkensleynz@meetup.com,Genderfluid
865,Marie-jeanne,Hedley,mhedleyo0@gov.uk,Female
866,Evangeline,Grinvalds,egrinvaldso1@xing.com,Genderfluid
867,Ulises,Treamayne,utreamayneo2@symantec.com,Agender
868,Brendan,Vooght,bvooghto3@360.cn,Genderqueer
869,Alister,Costard,acostardo4@clickbank.net,Agender
870,Timmy,Mullaney,tmullaneyo5@altervista.org,Female
871,Lorilyn,Knappitt,lknappitto6@weather.com,Polygender
872,Gardie,Memmory,gmemmoryo7@github.io,Genderfluid
873,Marita,Regenhardt,mregenhardto8@theglobeandmail.com,Non-binary
874,Sarita,Casin,scasino9@accuweather.com,Non-binary
875,Leda,Pirozzi,lpirozzioa@wiley.com,Genderqueer
876,Elga,Brignell,ebrignellob@geocities.jp,Genderfluid
877,Boone,Zavattari,bzavattarioc@answers.com,Male
878,Rock,Purvis,rpurvisod@pinterest.com,Non-binary
879,Hans,Ninnoli,hninnolioe@bloglovin.com,Genderqueer
880,Davy,Winyard,dwinyardof@psu.edu,Agender
881,Aile,Cashmore,acashmoreog@japanpost.jp,Agender
882,Demetra,Tebboth,dtebbothoh@loc.gov,Female
883,Dredi,Wallbridge,dwallbridgeoi@tamu.edu,Agender
884,Rupert,Cosstick,rcosstickoj@opensource.org,Bigender
885,Wynn,Hof,whofok@4shared.com,Female
886,Alix,Gres,agresol@twitter.com,Non-binary
887,Catherina,Britney,cbritneyom@nature.com,Female
888,Kiri,Stoves,kstoveson@wisc.edu,Female
889,Marita,Gibbs,mgibbsoo@hc360.com,Agender
890,Iosep,Belsham,ibelshamop@comsenz.com,Male
891,Alejandra,Piscopiello,apiscopiellooq@theguardian.com,Polygender
892,Merna,Raynes,mraynesor@nationalgeographic.com,Genderqueer
893,Xerxes,Garfield,xgarfieldos@1688.com,Male
894,Vivianne,Bremner,vbremnerot@hostgator.com,Male
895,Cecily,Chant,cchantou@jugem.jp,Genderqueer
896,Ronald,Bundey,rbundeyov@hexun.com,Female
897,Drew,Andreini,dandreiniow@blogs.com,Non-binary
898,Griswold,Hinkley,ghinkleyox@phpbb.com,Bigender
899,Bianka,Lenox,blenoxoy@wix.com,Genderfluid
900,Nikolaus,Degue,ndegueoz@epa.gov,Female
901,Tiffani,Shiel,tshielp0@mapy.cz,Male
902,Howey,Mugridge,hmugridgep1@baidu.com,Polygender
903,Prent,Lammerts,plammertsp2@slate.com,Polygender
904,Cory,Padefield,cpadefieldp3@constantcontact.com,Bigender
905,Brandy,Dadley,bdadleyp4@cyberchimps.com,Genderqueer
906,Lyndsay,Folbigg,lfolbiggp5@omniture.com,Polygender
907,Jeremias,Simmen,jsimmenp6@1688.com,Agender
908,Beryl,McBain,bmcbainp7@auda.org.au,Polygender
909,Ange,Shelsher,ashelsherp8@msn.com,Genderfluid
910,Flynn,Pont,fpontp9@parallels.com,Polygender
911,Marthena,Kingsbury,mkingsburypa@netvibes.com,Agender
912,Ulric,Grivori,ugrivoripb@themeforest.net,Polygender
913,Micheil,Pantecost,mpantecostpc@woothemes.com,Non-binary
914,Kaela,Inglis,kinglispd@xrea.com,Polygender
915,Izzy,Stenners,istennerspe@baidu.com,Polygender
916,Oona,Emmert,oemmertpf@reverbnation.com,Genderfluid
917,Adan,McGibbon,amcgibbonpg@yahoo.com,Genderqueer
918,Ilka,Del Dello,ideldelloph@simplemachines.org,Genderfluid
919,Tabbitha,Izakoff,tizakoffpi@irs.gov,Non-binary
920,Ravid,Atkins,ratkinspj@businessweek.com,Genderfluid
921,Delia,Belk,dbelkpk@archive.org,Female
922,Davy,Worlidge,dworlidgepl@skyrock.com,Agender
923,Gerrilee,Hubner,ghubnerpm@hp.com,Bigender
924,Stewart,Stancer,sstancerpn@typepad.com,Non-binary
925,Ema,Dalgliesh,edalglieshpo@blogtalkradio.com,Non-binary
926,Herold,Halwood,hhalwoodpp@bloglines.com,Bigender
927,Hayley,MacKinnon,hmackinnonpq@soundcloud.com,Genderqueer
928,Dewitt,Ogden,dogdenpr@creativecommons.org,Non-binary
929,Zackariah,Lidgley,zlidgleyps@spiegel.de,Female
930,Bessie,Verdy,bverdypt@ucoz.ru,Male
931,Ceil,Gariff,cgariffpu@bizjournals.com,Agender
932,Yvonne,Bocken,ybockenpv@acquirethisname.com,Bigender
933,Adrianne,MacDaid,amacdaidpw@bandcamp.com,Genderqueer
934,Rafaello,Schultze,rschultzepx@lulu.com,Non-binary
935,Peggy,Deeny,pdeenypy@china.com.cn,Agender
936,Lezlie,Philippault,lphilippaultpz@umich.edu,Bigender
937,Kyle,Turrell,kturrellq0@edublogs.org,Non-binary
938,Rufus,Filon,rfilonq1@discuz.net,Genderqueer
939,Chloe,Ogborne,cogborneq2@jalbum.net,Male
940,Sunshine,Prover,sproverq3@ifeng.com,Genderqueer
941,Gui,O'Dee,godeeq4@123-reg.co.uk,Non-binary
942,Eleanora,Baal,ebaalq5@dell.com,Bigender
943,Odille,Drewell,odrewellq6@uol.com.br,Female
944,Griz,Vedeshkin,gvedeshkinq7@yellowbook.com,Polygender
945,Quintin,Dowdney,qdowdneyq8@gov.uk,Bigender
946,Drusy,End,dendq9@rediff.com,Male
947,Chaunce,Ocheltree,cocheltreeqa@a8.net,Agender
948,Osborne,Clendinning,oclendinningqb@fastcompany.com,Agender
949,Junia,Ribbon,jribbonqc@engadget.com,Polygender
950,Faustina,Krauss,fkraussqd@icio.us,Genderfluid
951,Salmon,Lester,slesterqe@shareasale.com,Agender
952,Lorri,Epsley,lepsleyqf@newsvine.com,Female
953,Dexter,Holligan,dholliganqg@bandcamp.com,Male
954,Kerrill,Renvoys,krenvoysqh@google.com.au,Agender
955,Hazlett,Haighton,hhaightonqi@icio.us,Genderqueer
956,Merrie,Janiszewski,mjaniszewskiqj@zdnet.com,Non-binary
957,Garvey,Chewter,gchewterqk@nhs.uk,Genderqueer
958,Dorey,Stockport,dstockportql@illinois.edu,Bigender
959,Grete,Kunrad,gkunradqm@netscape.com,Bigender
960,Arnoldo,Tustin,atustinqn@surveymonkey.com,Female
961,Ruy,Wildman,rwildmanqo@jigsy.com,Non-binary
962,Tori,Wearne,twearneqp@yandex.ru,Genderfluid
963,Sayer,Aindrais,saindraisqq@who.int,Female
964,Molly,Blenkinsopp,mblenkinsoppqr@mit.edu,Male
965,Edlin,Doe,edoeqs@mashable.com,Genderqueer
966,Tyrone,Luke,tlukeqt@tinypic.com,Genderqueer
967,Eleen,Nicolson,enicolsonqu@upenn.edu,Genderqueer
968,Patrice,Gillbee,pgillbeeqv@go.com,Polygender
969,Mindy,George,mgeorgeqw@mapquest.com,Genderfluid
970,Rea,Kolodziejski,rkolodziejskiqx@sphinn.com,Agender
971,Gran,Trott,gtrottqy@bing.com,Bigender
972,Grace,Coslett,gcoslettqz@youtu.be,Non-binary
973,Yardley,Klimkov,yklimkovr0@microsoft.com,Non-binary
974,Mireille,Frango,mfrangor1@free.fr,Male
975,Alejandro,Payze,apayzer2@wikimedia.org,Non-binary
976,Westley,Tighe,wtigher3@ameblo.jp,Female
977,Alyssa,Mickleborough,amickleboroughr4@dailymotion.com,Non-binary
978,Kayley,Gudeman,kgudemanr5@google.nl,Non-binary
979,Levon,Elgram,lelgramr6@purevolume.com,Bigender
980,Rodd,Kornyakov,rkornyakovr7@oakley.com,Bigender
981,Alic,Bortolutti,abortoluttir8@1und1.de,Non-binary
982,Kelsi,Siebert,ksiebertr9@yandex.ru,Bigender
983,Hazel,Eudall,heudallra@kickstarter.com,Agender
984,Tabor,Elcott,telcottrb@hatena.ne.jp,Genderqueer
985,Amalea,Noteyoung,anoteyoungrc@plala.or.jp,Male
986,Birgit,Gerbl,bgerblrd@irs.gov,Female
987,Maddie,Pollitt,mpollittre@fotki.com,Female
988,Amberly,Roggero,aroggerorf@creativecommons.org,Genderfluid
989,Marc,Hully,mhullyrg@reverbnation.com,Male
990,Shelley,Bowcock,sbowcockrh@ucoz.ru,Polygender
991,Georg,Mattioli,gmattioliri@columbia.edu,Polygender
992,Audrye,Wyles,awylesrj@adobe.com,Genderqueer
993,Tam,Raven,travenrk@ucoz.com,Genderfluid
994,Monika,Offord,moffordrl@smugmug.com,Non-binary
995,Carina,Milmoe,cmilmoerm@earthlink.net,Genderqueer
996,Jarib,Polon,jpolonrn@ebay.co.uk,Male
997,Angil,Titchen,atitchenro@cafepress.com,Genderfluid
998,Jeana,Kurtis,jkurtisrp@yale.edu,Female
999,Phillida,Babar,pbabarrq@earthlink.net,Polygender
1000,Luis,Emanulsson,lemanulssonrr@pinterest.com,Female